-- phpMyAdmin SQL Dump
-- version 5.2.1
-- https://www.phpmyadmin.net/
--
-- Host: 127.0.0.1
-- Generation Time: Jul 18, 2025 at 08:48 PM
-- Server version: 10.4.32-MariaDB
-- PHP Version: 8.2.12

SET SQL_MODE = "NO_AUTO_VALUE_ON_ZERO";
START TRANSACTION;
SET time_zone = "+00:00";


/*!40101 SET @OLD_CHARACTER_SET_CLIENT=@@CHARACTER_SET_CLIENT */;
/*!40101 SET @OLD_CHARACTER_SET_RESULTS=@@CHARACTER_SET_RESULTS */;
/*!40101 SET @OLD_COLLATION_CONNECTION=@@COLLATION_CONNECTION */;
/*!40101 SET NAMES utf8mb4 */;

--
-- Database: `greenplanetmart`
--

-- --------------------------------------------------------

--
-- Table structure for table `customers`
--

CREATE TABLE `customers` (
  `CustomerID` int(11) NOT NULL,
  `CustomerName` varchar(100) DEFAULT NULL,
  `ContactNumber` varchar(20) DEFAULT NULL,
  `Country` varchar(50) DEFAULT NULL
) ENGINE=InnoDB DEFAULT CHARSET=utf8mb4 COLLATE=utf8mb4_general_ci;

--
-- Dumping data for table `customers`
--

INSERT INTO `customers` (`CustomerID`, `CustomerName`, `ContactNumber`, `Country`) VALUES
(0, 'Name', 'Email', 'Country'),
(1, 'Jennifer Hays', 'haleygail@hayes.com', 'Antarctica (the territory South of 60 deg S)'),
(2, 'Daniel Riley', 'glennchristine@yahoo', 'Greenland'),
(3, 'Michael Nunez', 'thomasdowns@yahoo.co', 'American Samoa'),
(4, 'Danielle Brady', 'robertmclean@hotmail', 'Niue'),
(5, 'Laura Harris', 'edward02@hotmail.com', 'Heard Island and McDonald Islands'),
(6, 'Jeffrey Smith', 'djones@yahoo.com', 'Montenegro'),
(7, 'Courtney Smith', 'pmartinez@morgan-sal', 'Romania'),
(8, 'Jason Webb', 'brandi16@cunningham.', 'Iceland'),
(9, 'Amber Hardy', 'allison73@garcia-luc', 'United States of America'),
(10, 'Jason Nguyen', 'davissean@rivera-wil', 'Paraguay'),
(11, 'Larry Palmer', 'macdonaldmatthew@wil', 'Turkmenistan'),
(12, 'Katrina Smith', 'davisjulia@brown.inf', 'British Virgin Islands'),
(13, 'Rachel Griffith', 'gomezdonna@hotmail.c', 'Bahrain'),
(14, 'James Turner', 'jessicaglover@pineda', 'Hungary'),
(15, 'Deborah Levine', 'nnolan@hotmail.com', 'Argentina'),
(16, 'Elizabeth Vargas', 'pcruz@anderson.com', 'Malawi'),
(17, 'Jessica Best', 'benjaminbrown@gmail.', 'Macao'),
(18, 'Rebecca Romero', 'amandajacobson@yahoo', 'United States Virgin Islands'),
(19, 'Karen Ward', 'gregory67@gmail.com', 'Liberia'),
(20, 'Michael Evans', 'gutierrezrobert@hotm', 'Costa Rica'),
(21, 'Jeffrey Johnson', 'rdavila@hendricks.co', 'Tajikistan'),
(22, 'Janet Lee', 'allenamber@barrera-a', 'China'),
(23, 'Joseph Thornton', 'scottmartin@yahoo.co', 'Korea'),
(24, 'Sarah Cowan', 'amoss@sanchez.org', 'Bahamas'),
(25, 'Christopher Farley', 'xharrison@gmail.com', 'Malaysia'),
(26, 'Sara Schroeder', 'rodriguezhannah@gmai', 'Bosnia and Herzegovina'),
(27, 'Dr. George Oliver', 'debrashaw@hotmail.co', 'Benin'),
(28, 'Shannon Bernard', 'trivera@carpenter.co', 'Kazakhstan'),
(29, 'Kendra Harris', 'murphywendy@hotmail.', 'Cocos (Keeling) Islands'),
(30, 'Terry Smith', 'jeffery41@hotmail.co', 'Spain'),
(31, 'Gregory Dean', 'kleinelizabeth@carde', 'Malawi'),
(32, 'Kimberly Green', 'janetrowland@campbel', 'United States of America'),
(33, 'Brian Kane', 'odiaz@sims-perez.com', 'Fiji'),
(34, 'Angela Anderson', 'robert30@rodriguez-n', 'Andorra'),
(35, 'Jose Bush', 'guerrajohnathan@phil', 'Kenya'),
(36, 'Jacob Downs', 'julianwhite@gmail.co', 'Bahamas'),
(37, 'Margaret Williams', 'christypratt@hammond', 'Japan'),
(38, 'Christopher Carter', 'nrangel@gmail.com', 'Turkmenistan'),
(39, 'Elizabeth Blair', 'ffrazier@fuentes-bar', 'Madagascar'),
(40, 'Travis Chavez', 'catherinedouglas@row', 'Macedonia'),
(41, 'Michele Bauer', 'kayla53@gmail.com', 'France'),
(42, 'Cassandra Callahan', 'jenniferduncan@foste', 'India'),
(43, 'Christopher Smith', 'kenneth00@nicholson.', 'Poland'),
(44, 'Ms. Angela Gould', 'khanjoshua@young-mat', 'China'),
(45, 'John Graves', 'jordanhammond@yahoo.', 'Vanuatu'),
(46, 'Joanna Stokes', 'acabrera@vasquez-ril', 'Netherlands'),
(47, 'Tyler Douglas', 'christopher26@hotmai', 'Dominica'),
(48, 'Megan Morales', 'jasmineyu@adams.info', 'Philippines'),
(49, 'Shane Ballard', 'lisa11@yahoo.com', 'Cayman Islands'),
(50, 'Kelly Perez', 'palexander@khan-gord', 'Serbia'),
(51, 'Pamela Chapman', 'tracey10@gmail.com', 'Central African Republic'),
(52, 'Paige Thomas', 'lthompson@daniels-co', 'Liechtenstein'),
(53, 'Toni Bradley', 'juliepham@gmail.com', 'Hungary'),
(54, 'Tyler Daniel', 'burkelauren@yahoo.co', 'Suriname'),
(55, 'Hannah Smith', 'kmorse@moore-henson.', 'Saint Kitts and Nevis'),
(56, 'Kristin Munoz', 'crosbycarolyn@gmail.', 'Maldives'),
(57, 'Daniel Garcia', 'mariahgonzalez@vasqu', 'Chile'),
(58, 'Richard Weaver', 'ijenkins@anderson.bi', 'Saudi Arabia'),
(59, 'Alexandra Rodgers', 'rboyd@hotmail.com', 'Norfolk Island'),
(60, 'Jade Miller', 'mark20@wagner.net', 'Lesotho'),
(61, 'Miss Mary Anderson DDS', 'nicholejohnson@hotma', 'Bolivia'),
(62, 'David Dillon', 'tracy63@mason.com', 'Vanuatu'),
(63, 'Karen Williams', 'amandaweber@gmail.co', 'Honduras'),
(64, 'Sharon Bruce', 'richardsnicholas@hot', 'Congo'),
(65, 'Ashley Mullins', 'jennifer01@gmail.com', 'Greenland'),
(66, 'Kendra Wilson', 'webbheather@hotmail.', 'Qatar'),
(67, 'Tony Buckley', 'beasleyblake@bush.bi', 'Rwanda'),
(68, 'Christopher Richards', 'hwalsh@mendez.com', 'Turkey'),
(69, 'Angela Benjamin', 'eroth@gmail.com', 'Papua New Guinea'),
(70, 'Jim Quinn', 'scottbrittany@staffo', 'Indonesia'),
(71, 'Christopher Lopez', 'pcarlson@gmail.com', 'Solomon Islands'),
(72, 'Mr. Brandon Sanchez', 'smithanthony@yahoo.c', 'Bahamas'),
(73, 'Katie Winters', 'allison32@yahoo.com', 'Bolivia'),
(74, 'Mark Marks', 'warrenscott@gmail.co', 'Norfolk Island'),
(75, 'Michael Cardenas', 'krosario@ryan.biz', 'Italy'),
(76, 'Amber Miller', 'rwarren@yahoo.com', 'Jamaica'),
(77, 'Sergio Miller', 'whayden@gmail.com', 'Netherlands Antilles'),
(78, 'David Parsons', 'milleramy@yahoo.com', 'Burkina Faso'),
(79, 'Anthony Jones', 'latoyamarshall@watki', 'Belarus'),
(80, 'Caroline Nielsen', 'johnrodriguez@pittma', 'Philippines'),
(81, 'Scott Johnson', 'carlsonmary@yahoo.co', 'American Samoa'),
(82, 'Elizabeth Hernandez', 'vrios@hotmail.com', 'Kenya'),
(83, 'Raymond Green', 'hernandezlindsey@wat', 'Kenya'),
(84, 'Vincent Smith', 'mark95@mccann.com', 'Israel'),
(85, 'Jessica Saunders', 'uwilliams@hotmail.co', 'Reunion'),
(86, 'April Navarro', 'johnmcdonald@hotmail', 'Korea'),
(87, 'Ryan Ashley', 'perezjennifer@vasque', 'Cuba'),
(88, 'Taylor Mccall', 'troyfrank@ritter.com', 'Ethiopia'),
(89, 'Cynthia Mcintosh', 'adecker@hotmail.com', 'Brazil'),
(90, 'Timothy Garcia', 'amaldonado@gmail.com', 'Mauritania'),
(91, 'Raymond Hodges', 'ubaird@pearson-jones', 'Mexico'),
(92, 'Paul Moore', 'paulabrock@yahoo.com', 'Korea'),
(93, 'Angela Mccoy', 'hallison@santos.com', 'Myanmar'),
(94, 'Sonya Morgan', 'theresalewis@yahoo.c', 'Marshall Islands'),
(95, 'David Medina', 'lisaharper@dixon-sch', 'New Caledonia'),
(96, 'James Padilla', 'vhill@luna-bryant.co', 'Syrian Arab Republic'),
(97, 'Kristen Barber', 'frankcampbell@mays-k', 'Lithuania'),
(98, 'Mark Lara', 'frederickmoran@donov', 'Cameroon'),
(99, 'Nicholas Hall', 'zsparks@thomas.com', 'Andorra'),
(100, 'Christopher Smith', 'robin31@hotmail.com', 'Armenia'),
(101, 'William Turner', 'nicholasmartinez@yah', 'Senegal'),
(102, 'Elizabeth Smith', 'david05@gmail.com', 'Argentina'),
(103, 'Gwendolyn Patton', 'rkline@murphy-estrad', 'Hungary'),
(104, 'Jessica Meyers', 'zacharyflores@hotmai', 'Greenland'),
(105, 'Carla Torres', 'gduke@hotmail.com', 'Samoa'),
(106, 'Jasmine Nicholson', 'andrea14@yahoo.com', 'Cocos (Keeling) Islands'),
(107, 'Kristi Mills', 'pauladavis@hernandez', 'Bosnia and Herzegovina'),
(108, 'Mark Jones', 'tnelson@gmail.com', 'Cuba'),
(109, 'Paul Woods', 'hansonrachel@warner-', 'Cote d\'Ivoire'),
(110, 'Stephen Hurley', 'stantonemily@gmail.c', 'Honduras');

-- --------------------------------------------------------

--
-- Table structure for table `orderdetails`
--

CREATE TABLE `orderdetails` (
  `OrderID` int(11) NOT NULL,
  `ProductID` int(11) NOT NULL,
  `Quantity` int(11) DEFAULT NULL,
  `UnitPrice` decimal(10,2) DEFAULT NULL
) ENGINE=InnoDB DEFAULT CHARSET=utf8mb4 COLLATE=utf8mb4_general_ci;

--
-- Dumping data for table `orderdetails`
--

INSERT INTO `orderdetails` (`OrderID`, `ProductID`, `Quantity`, `UnitPrice`) VALUES
(0, 0, 0, 0.00),
(1, 28, 3, 46.06),
(1, 64, 5, 30.49),
(2, 9, 4, 17.09),
(2, 92, 4, 37.80),
(2, 93, 9, 49.48),
(2, 123, 6, 8.45),
(3, 25, 6, 48.37),
(3, 142, 1, 39.97),
(4, 22, 6, 15.58),
(5, 3, 1, 8.96),
(5, 56, 8, 13.34),
(6, 4, 6, 12.90),
(6, 28, 2, 46.06),
(6, 47, 3, 40.37),
(6, 92, 10, 37.80),
(6, 126, 7, 16.54),
(7, 24, 3, 3.00),
(7, 96, 1, 40.19),
(7, 125, 9, 37.19),
(7, 149, 7, 11.50),
(8, 40, 4, 4.79),
(8, 50, 3, 46.65),
(8, 66, 7, 30.24),
(9, 10, 5, 5.59),
(9, 24, 1, 3.00),
(9, 48, 10, 22.50),
(9, 74, 6, 17.24),
(10, 46, 6, 36.64),
(11, 37, 10, 47.65),
(11, 84, 9, 44.95),
(11, 90, 3, 7.61),
(11, 141, 9, 29.54),
(11, 143, 4, 48.95),
(12, 63, 6, 8.99),
(12, 78, 4, 37.32),
(13, 26, 9, 35.38),
(13, 51, 3, 40.04),
(13, 105, 5, 28.14),
(13, 127, 5, 13.32),
(14, 74, 7, 17.24),
(14, 77, 7, 9.38),
(14, 111, 9, 21.78),
(15, 108, 9, 27.43),
(15, 141, 9, 29.54),
(16, 88, 5, 4.97),
(16, 104, 8, 15.99),
(17, 16, 7, 35.50),
(17, 23, 7, 26.91),
(17, 36, 10, 24.36),
(17, 55, 7, 3.84),
(17, 66, 6, 30.24),
(18, 84, 5, 44.95),
(18, 137, 9, 26.89),
(19, 2, 1, 35.11),
(19, 21, 3, 18.63),
(20, 69, 2, 36.95),
(20, 116, 9, 40.42),
(20, 139, 2, 5.85),
(21, 115, 4, 18.80),
(22, 10, 9, 5.59),
(22, 28, 9, 46.06),
(22, 86, 8, 45.81),
(22, 124, 4, 14.63),
(23, 54, 2, 13.65),
(24, 50, 5, 46.65),
(24, 71, 2, 45.43),
(24, 96, 1, 40.19),
(25, 37, 8, 47.65),
(25, 140, 1, 37.33),
(25, 142, 9, 39.97),
(26, 42, 7, 32.10),
(27, 67, 6, 11.07),
(28, 99, 3, 23.41),
(28, 123, 3, 8.45),
(28, 148, 1, 23.93),
(29, 17, 2, 36.87),
(29, 73, 8, 21.24),
(29, 148, 6, 23.93),
(30, 27, 8, 19.31),
(30, 46, 9, 36.64),
(30, 54, 1, 13.65),
(31, 40, 9, 4.79),
(31, 65, 10, 3.67),
(31, 146, 5, 11.85),
(32, 7, 1, 32.49),
(32, 95, 2, 42.70),
(33, 6, 1, 40.01),
(33, 33, 8, 35.16),
(33, 41, 1, 21.11),
(33, 42, 6, 32.10),
(33, 108, 9, 27.43),
(34, 61, 5, 39.64),
(34, 95, 2, 42.70),
(34, 133, 6, 6.23),
(34, 143, 2, 48.95),
(35, 40, 4, 4.79),
(35, 51, 9, 40.04),
(35, 68, 9, 36.99),
(35, 84, 1, 44.95),
(36, 70, 3, 38.75),
(36, 77, 2, 9.38),
(36, 124, 3, 14.63),
(37, 59, 1, 5.79),
(37, 83, 3, 32.30),
(38, 58, 6, 2.48),
(38, 59, 7, 5.79),
(38, 117, 9, 35.61),
(39, 80, 8, 31.19),
(40, 41, 9, 21.11),
(40, 90, 7, 7.61),
(40, 115, 10, 18.80),
(40, 120, 3, 24.56),
(41, 50, 2, 46.65),
(41, 72, 5, 7.76),
(41, 111, 10, 21.78),
(42, 43, 8, 3.29),
(42, 48, 9, 22.50),
(42, 113, 10, 8.52),
(42, 134, 10, 1.64),
(42, 142, 2, 39.97),
(43, 27, 3, 19.31),
(43, 110, 3, 33.16),
(43, 114, 8, 3.36),
(44, 16, 5, 35.50),
(44, 96, 6, 40.19),
(45, 109, 8, 6.44),
(46, 129, 1, 15.20),
(47, 13, 3, 16.26),
(47, 36, 8, 24.36),
(47, 64, 5, 30.49),
(47, 129, 3, 15.20),
(48, 111, 5, 21.78),
(49, 28, 3, 46.06),
(49, 43, 3, 3.29),
(49, 92, 7, 37.80),
(49, 135, 5, 43.35),
(50, 27, 2, 19.31),
(50, 64, 3, 30.49),
(50, 95, 7, 42.70),
(51, 17, 2, 36.87),
(51, 26, 7, 35.38),
(51, 41, 5, 21.11),
(51, 61, 3, 39.64),
(51, 139, 8, 5.85),
(52, 58, 9, 2.48),
(52, 59, 9, 5.79),
(52, 110, 2, 33.16),
(53, 42, 1, 32.10),
(53, 69, 1, 36.95),
(53, 74, 7, 17.24),
(53, 136, 9, 34.64),
(54, 42, 10, 32.10),
(55, 55, 2, 3.84),
(56, 3, 10, 8.96),
(56, 23, 2, 26.91),
(57, 18, 3, 42.44),
(57, 70, 4, 38.75),
(58, 37, 1, 47.65),
(58, 142, 10, 39.97),
(59, 123, 6, 8.45),
(60, 9, 1, 17.09),
(60, 57, 5, 5.13),
(60, 145, 6, 20.09),
(61, 20, 2, 10.75),
(61, 86, 9, 45.81),
(61, 89, 4, 11.83),
(61, 100, 6, 8.09),
(62, 1, 3, 1.90),
(62, 55, 10, 3.84),
(62, 63, 1, 8.99),
(62, 81, 8, 19.67),
(63, 33, 2, 35.16),
(63, 91, 3, 21.88),
(63, 105, 1, 28.14),
(63, 142, 6, 39.97),
(64, 6, 7, 40.01),
(64, 79, 7, 14.21),
(64, 121, 4, 13.77),
(65, 41, 6, 21.11),
(65, 73, 2, 21.24),
(66, 27, 6, 19.31),
(67, 10, 3, 5.59),
(67, 32, 2, 27.27),
(67, 105, 3, 28.14),
(68, 4, 1, 12.90),
(68, 30, 9, 41.21),
(68, 47, 7, 40.37),
(68, 73, 5, 21.24),
(68, 124, 4, 14.63),
(69, 17, 9, 36.87),
(69, 34, 2, 42.60),
(69, 35, 7, 48.48),
(69, 36, 1, 24.36),
(70, 75, 1, 18.12),
(71, 10, 4, 5.59),
(71, 30, 8, 41.21),
(72, 18, 4, 42.44),
(72, 95, 9, 42.70),
(72, 111, 9, 21.78),
(73, 6, 6, 40.01),
(73, 31, 9, 35.12),
(73, 60, 8, 31.48),
(73, 64, 5, 30.49),
(74, 61, 3, 39.64),
(74, 115, 5, 18.80),
(74, 116, 2, 40.42),
(75, 15, 10, 3.06),
(75, 19, 2, 46.33),
(75, 67, 2, 11.07),
(75, 99, 9, 23.41),
(76, 2, 7, 35.11),
(76, 56, 9, 13.34),
(76, 108, 4, 27.43),
(76, 130, 4, 25.71),
(76, 133, 2, 6.23),
(77, 113, 7, 8.52),
(77, 122, 3, 19.82),
(77, 126, 7, 16.54),
(78, 16, 2, 35.50),
(78, 106, 9, 42.72),
(79, 5, 3, 7.65),
(79, 19, 1, 46.33),
(79, 118, 6, 29.66),
(79, 119, 4, 49.89),
(80, 6, 10, 40.01),
(80, 35, 9, 48.48),
(80, 72, 8, 7.76),
(81, 50, 8, 46.65),
(81, 102, 8, 18.40),
(81, 128, 6, 25.95),
(81, 146, 10, 11.85),
(81, 150, 8, 18.94),
(82, 38, 3, 22.16),
(82, 131, 9, 35.71),
(83, 42, 7, 32.10),
(83, 75, 6, 18.12),
(84, 62, 3, 25.52),
(85, 25, 1, 48.37),
(85, 37, 1, 47.65),
(85, 72, 6, 7.76),
(86, 54, 10, 13.65),
(86, 82, 5, 10.55),
(86, 92, 2, 37.80),
(86, 125, 4, 37.19),
(86, 131, 2, 35.71),
(87, 81, 8, 19.67),
(87, 98, 8, 22.62),
(87, 106, 2, 42.72),
(88, 97, 5, 28.55),
(88, 105, 10, 28.14),
(88, 131, 5, 35.71),
(89, 41, 9, 21.11),
(89, 88, 8, 4.97),
(89, 101, 1, 48.70),
(89, 132, 8, 18.51),
(89, 140, 8, 37.33),
(90, 16, 2, 35.50),
(90, 32, 8, 27.27),
(90, 85, 1, 5.04),
(90, 100, 4, 8.09),
(90, 148, 3, 23.93),
(91, 20, 2, 10.75),
(91, 66, 9, 30.24),
(91, 139, 5, 5.85),
(92, 44, 8, 39.49),
(92, 58, 2, 2.48),
(92, 82, 7, 10.55),
(92, 87, 4, 35.75),
(93, 58, 1, 2.48),
(93, 109, 7, 6.44),
(93, 112, 7, 10.03),
(94, 82, 8, 10.55),
(94, 119, 3, 49.89),
(95, 13, 2, 16.26),
(95, 41, 5, 21.11),
(95, 95, 9, 42.70),
(95, 124, 4, 14.63),
(95, 140, 10, 37.33),
(96, 56, 3, 13.34),
(96, 150, 7, 18.94),
(97, 34, 10, 42.60),
(97, 148, 2, 23.93),
(98, 117, 10, 35.61),
(98, 120, 10, 24.56),
(99, 27, 7, 19.31),
(99, 63, 9, 8.99),
(99, 125, 3, 37.19),
(100, 3, 6, 8.96),
(100, 14, 8, 38.69),
(100, 31, 7, 35.12),
(100, 135, 10, 43.35),
(101, 8, 8, 27.01),
(101, 17, 1, 36.87),
(101, 24, 1, 3.00),
(101, 28, 8, 46.06),
(101, 49, 2, 14.98),
(102, 26, 10, 35.38),
(102, 50, 6, 46.65),
(102, 84, 4, 44.95),
(102, 115, 8, 18.80),
(103, 73, 1, 21.24),
(103, 117, 6, 35.61),
(103, 129, 1, 15.20),
(104, 38, 7, 22.16),
(104, 63, 3, 8.99),
(104, 65, 6, 3.67),
(104, 117, 1, 35.61),
(105, 55, 1, 3.84),
(105, 149, 4, 11.50),
(106, 86, 2, 45.81),
(107, 29, 7, 3.66),
(107, 48, 2, 22.50),
(107, 54, 6, 13.65),
(107, 115, 4, 18.80),
(108, 13, 9, 16.26),
(108, 18, 6, 42.44),
(108, 144, 1, 25.73),
(109, 4, 5, 12.90),
(109, 14, 1, 38.69),
(109, 30, 1, 41.21),
(110, 15, 9, 3.06),
(110, 135, 9, 43.35),
(111, 2, 5, 35.11),
(111, 4, 4, 12.90),
(111, 37, 5, 47.65),
(111, 65, 1, 3.67),
(111, 143, 2, 48.95),
(112, 14, 2, 38.69),
(112, 77, 3, 9.38),
(112, 82, 7, 10.55),
(113, 29, 1, 3.66),
(113, 63, 3, 8.99),
(113, 70, 4, 38.75),
(113, 109, 10, 6.44),
(113, 124, 10, 14.63),
(114, 31, 6, 35.12),
(114, 105, 4, 28.14),
(115, 14, 4, 38.69),
(115, 44, 1, 39.49),
(115, 111, 7, 21.78),
(116, 66, 6, 30.24),
(117, 40, 2, 4.79),
(117, 128, 6, 25.95),
(117, 144, 6, 25.73),
(118, 38, 7, 22.16),
(118, 90, 6, 7.61),
(118, 105, 10, 28.14),
(119, 130, 8, 25.71),
(120, 42, 10, 32.10),
(120, 51, 6, 40.04),
(120, 133, 4, 6.23),
(121, 117, 8, 35.61),
(122, 16, 5, 35.50),
(122, 54, 6, 13.65),
(122, 82, 5, 10.55),
(122, 144, 7, 25.73),
(123, 49, 2, 14.98),
(123, 67, 8, 11.07),
(123, 74, 9, 17.24),
(123, 121, 10, 13.77),
(124, 52, 6, 30.85),
(124, 69, 4, 36.95),
(124, 82, 4, 10.55),
(124, 114, 6, 3.36),
(125, 3, 7, 8.96),
(125, 45, 7, 23.59),
(125, 116, 3, 40.42),
(125, 127, 8, 13.32),
(126, 7, 7, 32.49),
(126, 52, 6, 30.85),
(127, 92, 5, 37.80),
(127, 96, 7, 40.19),
(127, 116, 4, 40.42),
(128, 6, 3, 40.01),
(128, 33, 7, 35.16),
(128, 44, 3, 39.49),
(128, 78, 7, 37.32),
(128, 96, 2, 40.19),
(129, 33, 8, 35.16),
(129, 113, 2, 8.52),
(130, 17, 3, 36.87),
(130, 92, 10, 37.80),
(130, 143, 1, 48.95),
(130, 144, 2, 25.73),
(130, 147, 4, 31.95),
(131, 127, 8, 13.32),
(131, 128, 9, 25.95),
(132, 19, 7, 46.33),
(132, 41, 2, 21.11),
(132, 81, 7, 19.67),
(132, 150, 5, 18.94),
(133, 101, 2, 48.70),
(133, 106, 3, 42.72),
(133, 111, 9, 21.78),
(133, 131, 8, 35.71),
(134, 4, 10, 12.90),
(134, 36, 1, 24.36),
(134, 133, 10, 6.23),
(135, 128, 10, 25.95),
(136, 33, 9, 35.16),
(136, 39, 8, 24.08),
(136, 40, 3, 4.79),
(136, 80, 8, 31.19),
(136, 107, 8, 37.17),
(137, 55, 8, 3.84),
(137, 138, 2, 15.53),
(138, 65, 4, 3.67),
(139, 46, 2, 36.64),
(139, 61, 2, 39.64),
(139, 72, 5, 7.76),
(139, 120, 2, 24.56),
(140, 51, 1, 40.04),
(140, 98, 4, 22.62),
(140, 101, 3, 48.70),
(140, 110, 8, 33.16),
(141, 87, 9, 35.75),
(141, 96, 6, 40.19),
(141, 98, 10, 22.62),
(142, 35, 5, 48.48),
(142, 82, 1, 10.55),
(142, 130, 10, 25.71),
(143, 24, 7, 3.00),
(144, 24, 6, 3.00),
(144, 53, 10, 18.63),
(144, 70, 9, 38.75),
(144, 102, 5, 18.40),
(144, 138, 1, 15.53),
(145, 2, 9, 35.11),
(145, 103, 5, 41.80),
(145, 124, 2, 14.63),
(146, 14, 5, 38.69),
(146, 15, 3, 3.06),
(146, 24, 1, 3.00),
(146, 86, 2, 45.81),
(147, 11, 5, 2.85),
(147, 12, 9, 40.29),
(147, 16, 1, 35.50),
(147, 39, 4, 24.08),
(147, 67, 4, 11.07),
(148, 12, 8, 40.29),
(148, 56, 10, 13.34),
(148, 65, 6, 3.67),
(148, 131, 7, 35.71),
(149, 133, 7, 6.23),
(149, 136, 4, 34.64),
(150, 129, 4, 15.20),
(151, 5, 4, 7.65),
(151, 7, 1, 32.49),
(151, 26, 4, 35.38),
(151, 79, 6, 14.21),
(151, 138, 5, 15.53),
(152, 16, 5, 35.50),
(152, 82, 1, 10.55),
(152, 131, 5, 35.71),
(153, 39, 4, 24.08),
(153, 78, 5, 37.32),
(153, 148, 4, 23.93),
(154, 30, 7, 41.21),
(155, 126, 4, 16.54),
(156, 25, 9, 48.37),
(156, 26, 4, 35.38),
(156, 48, 6, 22.50),
(157, 87, 4, 35.75),
(157, 112, 7, 10.03),
(158, 8, 1, 27.01),
(158, 11, 5, 2.85),
(158, 44, 2, 39.49),
(158, 73, 4, 21.24),
(159, 23, 8, 26.91),
(159, 83, 7, 32.30),
(159, 91, 5, 21.88),
(159, 140, 6, 37.33),
(160, 36, 4, 24.36),
(160, 55, 3, 3.84),
(160, 103, 6, 41.80),
(161, 16, 4, 35.50),
(161, 24, 6, 3.00),
(161, 88, 1, 4.97),
(161, 97, 4, 28.55),
(161, 119, 10, 49.89),
(162, 42, 2, 32.10),
(162, 72, 3, 7.76),
(162, 123, 4, 8.45),
(163, 123, 9, 8.45),
(164, 68, 1, 36.99),
(164, 90, 10, 7.61),
(164, 137, 6, 26.89),
(164, 143, 1, 48.95),
(165, 15, 2, 3.06),
(165, 23, 10, 26.91),
(165, 98, 10, 22.62),
(165, 113, 6, 8.52),
(165, 143, 7, 48.95),
(166, 146, 7, 11.85),
(167, 15, 7, 3.06),
(167, 117, 3, 35.61),
(168, 38, 9, 22.16),
(168, 79, 5, 14.21),
(169, 3, 4, 8.96),
(169, 33, 9, 35.16),
(169, 136, 10, 34.64),
(169, 145, 7, 20.09),
(170, 45, 10, 23.59),
(170, 78, 6, 37.32),
(171, 26, 10, 35.38),
(171, 28, 8, 46.06),
(171, 38, 1, 22.16),
(171, 67, 7, 11.07),
(171, 146, 3, 11.85),
(172, 127, 10, 13.32),
(173, 1, 4, 1.90),
(173, 19, 1, 46.33),
(173, 123, 10, 8.45),
(173, 135, 5, 43.35),
(174, 27, 8, 19.31),
(175, 37, 10, 47.65),
(175, 54, 6, 13.65),
(175, 72, 5, 7.76),
(175, 92, 5, 37.80),
(175, 115, 3, 18.80),
(176, 65, 9, 3.67),
(176, 82, 4, 10.55),
(176, 84, 7, 44.95),
(176, 110, 2, 33.16),
(176, 111, 4, 21.78),
(177, 97, 1, 28.55),
(178, 21, 8, 18.63),
(178, 138, 3, 15.53),
(179, 110, 5, 33.16),
(180, 56, 5, 13.34),
(180, 140, 9, 37.33),
(181, 45, 3, 23.59),
(181, 52, 8, 30.85),
(181, 63, 3, 8.99),
(181, 87, 10, 35.75),
(181, 93, 3, 49.48),
(182, 38, 10, 22.16),
(182, 63, 4, 8.99),
(183, 137, 10, 26.89),
(184, 38, 2, 22.16),
(184, 59, 9, 5.79),
(184, 71, 6, 45.43),
(184, 99, 2, 23.41),
(184, 126, 6, 16.54),
(185, 36, 1, 24.36),
(185, 60, 1, 31.48),
(185, 101, 2, 48.70),
(185, 135, 1, 43.35),
(186, 8, 4, 27.01),
(186, 11, 6, 2.85),
(186, 67, 3, 11.07),
(186, 100, 7, 8.09),
(187, 30, 4, 41.21),
(187, 144, 7, 25.73),
(188, 37, 1, 47.65),
(188, 88, 3, 4.97),
(188, 135, 4, 43.35),
(189, 9, 2, 17.09),
(189, 40, 4, 4.79),
(189, 136, 2, 34.64),
(189, 141, 6, 29.54),
(189, 150, 3, 18.94),
(190, 1, 9, 1.90),
(190, 17, 4, 36.87),
(190, 20, 2, 10.75),
(190, 35, 9, 48.48),
(190, 58, 2, 2.48),
(191, 40, 7, 4.79),
(191, 46, 1, 36.64),
(191, 47, 5, 40.37),
(191, 68, 9, 36.99),
(191, 125, 1, 37.19),
(192, 32, 10, 27.27),
(192, 43, 9, 3.29),
(192, 70, 3, 38.75),
(192, 105, 4, 28.14),
(193, 7, 4, 32.49),
(193, 27, 10, 19.31),
(193, 74, 8, 17.24),
(193, 103, 3, 41.80),
(193, 150, 3, 18.94),
(194, 41, 8, 21.11),
(194, 130, 9, 25.71),
(194, 149, 4, 11.50),
(195, 33, 7, 35.16),
(195, 72, 1, 7.76),
(196, 33, 6, 35.16),
(196, 91, 3, 21.88),
(196, 105, 10, 28.14),
(197, 13, 4, 16.26),
(197, 87, 10, 35.75),
(197, 113, 10, 8.52),
(197, 141, 2, 29.54),
(198, 44, 5, 39.49),
(198, 47, 5, 40.37),
(198, 76, 3, 19.82),
(198, 130, 2, 25.71),
(199, 8, 10, 27.01),
(199, 25, 8, 48.37),
(200, 33, 6, 35.16),
(200, 40, 6, 4.79),
(200, 84, 9, 44.95);

-- --------------------------------------------------------

--
-- Table structure for table `orders`
--

CREATE TABLE `orders` (
  `OrderID` int(11) NOT NULL,
  `CustomerID` int(11) DEFAULT NULL,
  `OrderDate` date DEFAULT NULL,
  `ShippedDate` date DEFAULT NULL
) ENGINE=InnoDB DEFAULT CHARSET=utf8mb4 COLLATE=utf8mb4_general_ci;

--
-- Dumping data for table `orders`
--

INSERT INTO `orders` (`OrderID`, `CustomerID`, `OrderDate`, `ShippedDate`) VALUES
(0, 0, '0000-00-00', '0000-00-00'),
(1, 60, '2024-11-26', '0000-00-00'),
(2, 102, '2024-12-16', '0000-00-00'),
(3, 105, '2024-10-27', '0000-00-00'),
(4, 73, '2024-12-23', '0000-00-00'),
(5, 74, '2025-04-18', '0000-00-00'),
(6, 4, '2025-01-01', '0000-00-00'),
(7, 94, '2024-10-23', '0000-00-00'),
(8, 2, '2025-04-10', '0000-00-00'),
(9, 89, '2025-02-10', '0000-00-00'),
(10, 94, '2024-11-03', '0000-00-00'),
(11, 68, '2025-02-01', '0000-00-00'),
(12, 57, '2024-11-17', '0000-00-00'),
(13, 107, '2024-12-07', '0000-00-00'),
(14, 103, '2025-02-11', '0000-00-00'),
(15, 26, '2024-11-21', '0000-00-00'),
(16, 13, '2024-12-22', '0000-00-00'),
(17, 67, '2024-11-26', '0000-00-00'),
(18, 75, '2025-03-13', '0000-00-00'),
(19, 69, '2025-04-15', '0000-00-00'),
(20, 36, '2025-01-30', '0000-00-00'),
(21, 75, '2025-02-13', '0000-00-00'),
(22, 83, '2025-02-23', '0000-00-00'),
(23, 43, '2025-01-18', '0000-00-00'),
(24, 13, '2024-12-26', '0000-00-00'),
(25, 64, '2024-12-25', '0000-00-00'),
(26, 38, '2024-12-31', '0000-00-00'),
(27, 86, '2024-11-07', '0000-00-00'),
(28, 110, '2025-02-13', '0000-00-00'),
(29, 30, '2025-04-03', '0000-00-00'),
(30, 90, '2025-03-10', '0000-00-00'),
(31, 26, '2025-04-07', '0000-00-00'),
(32, 5, '2025-02-10', '0000-00-00'),
(33, 108, '2025-04-07', '0000-00-00'),
(34, 28, '2024-10-27', '0000-00-00'),
(35, 13, '2025-01-18', '0000-00-00'),
(36, 83, '2025-01-25', '0000-00-00'),
(37, 24, '2024-11-08', '0000-00-00'),
(38, 99, '2024-12-20', '0000-00-00'),
(39, 52, '2024-11-16', '0000-00-00'),
(40, 10, '2025-01-19', '0000-00-00'),
(41, 59, '2025-01-27', '0000-00-00'),
(42, 24, '2025-01-11', '0000-00-00'),
(43, 107, '2025-02-15', '0000-00-00'),
(44, 28, '2024-11-11', '0000-00-00'),
(45, 59, '2025-04-05', '0000-00-00'),
(46, 23, '2024-12-02', '0000-00-00'),
(47, 1, '2025-03-02', '0000-00-00'),
(48, 88, '2025-04-03', '0000-00-00'),
(49, 90, '2025-01-21', '0000-00-00'),
(50, 97, '2025-04-14', '0000-00-00'),
(51, 21, '2025-03-20', '0000-00-00'),
(52, 22, '2025-01-06', '0000-00-00'),
(53, 85, '2024-11-15', '0000-00-00'),
(54, 74, '2025-03-19', '0000-00-00'),
(55, 37, '2024-12-16', '0000-00-00'),
(56, 98, '2025-03-17', '0000-00-00'),
(57, 94, '2024-11-18', '0000-00-00'),
(58, 75, '2025-02-13', '0000-00-00'),
(59, 37, '2025-04-09', '0000-00-00'),
(60, 108, '2025-02-16', '0000-00-00'),
(61, 50, '2025-01-15', '0000-00-00'),
(62, 27, '2024-11-18', '0000-00-00'),
(63, 80, '2025-01-24', '0000-00-00'),
(64, 46, '2024-12-29', '0000-00-00'),
(65, 88, '2025-03-07', '0000-00-00'),
(66, 60, '2024-10-26', '0000-00-00'),
(67, 83, '2024-12-26', '0000-00-00'),
(68, 107, '2025-04-15', '0000-00-00'),
(69, 46, '2025-01-06', '0000-00-00'),
(70, 70, '2025-03-06', '0000-00-00'),
(71, 4, '2025-01-24', '0000-00-00'),
(72, 5, '2024-12-15', '0000-00-00'),
(73, 83, '2025-01-12', '0000-00-00'),
(74, 95, '2025-01-15', '0000-00-00'),
(75, 37, '2025-03-03', '0000-00-00'),
(76, 90, '2025-01-14', '0000-00-00'),
(77, 83, '2024-11-18', '0000-00-00'),
(78, 57, '2024-12-29', '0000-00-00'),
(79, 32, '2024-11-12', '0000-00-00'),
(80, 32, '2024-11-15', '0000-00-00'),
(81, 91, '2024-12-07', '0000-00-00'),
(82, 32, '2025-03-14', '0000-00-00'),
(83, 104, '2025-02-24', '0000-00-00'),
(84, 13, '2024-12-27', '0000-00-00'),
(85, 26, '2025-02-17', '0000-00-00'),
(86, 6, '2025-02-21', '0000-00-00'),
(87, 27, '2025-04-02', '0000-00-00'),
(88, 25, '2025-03-18', '0000-00-00'),
(89, 43, '2025-04-15', '0000-00-00'),
(90, 102, '2024-11-02', '0000-00-00'),
(91, 59, '2025-04-01', '0000-00-00'),
(92, 109, '2024-10-27', '0000-00-00'),
(93, 92, '2025-04-07', '0000-00-00'),
(94, 99, '2024-11-06', '0000-00-00'),
(95, 34, '2024-12-02', '0000-00-00'),
(96, 29, '2024-11-21', '0000-00-00'),
(97, 19, '2024-11-24', '0000-00-00'),
(98, 84, '2025-03-15', '0000-00-00'),
(99, 38, '2025-02-08', '0000-00-00'),
(100, 90, '2025-03-01', '0000-00-00'),
(101, 89, '2025-04-03', '0000-00-00'),
(102, 81, '2025-03-05', '0000-00-00'),
(103, 5, '2025-02-27', '0000-00-00'),
(104, 107, '2025-03-07', '0000-00-00'),
(105, 107, '2025-02-24', '0000-00-00'),
(106, 94, '2024-12-10', '0000-00-00'),
(107, 50, '2024-12-13', '0000-00-00'),
(108, 44, '2024-10-29', '0000-00-00'),
(109, 29, '2025-04-04', '0000-00-00'),
(110, 73, '2024-12-12', '0000-00-00'),
(111, 19, '2024-11-15', '0000-00-00'),
(112, 83, '2024-11-12', '0000-00-00'),
(113, 43, '2024-11-20', '0000-00-00'),
(114, 41, '2025-02-18', '0000-00-00'),
(115, 10, '2025-01-27', '0000-00-00'),
(116, 95, '2025-04-02', '0000-00-00'),
(117, 47, '2024-11-23', '0000-00-00'),
(118, 82, '2024-11-15', '0000-00-00'),
(119, 109, '2025-01-04', '0000-00-00'),
(120, 57, '2024-10-31', '0000-00-00'),
(121, 82, '2025-03-19', '0000-00-00'),
(122, 26, '2024-11-12', '0000-00-00'),
(123, 58, '2024-10-23', '0000-00-00'),
(124, 60, '2025-04-02', '0000-00-00'),
(125, 60, '2025-02-17', '0000-00-00'),
(126, 76, '2024-12-05', '0000-00-00'),
(127, 105, '2025-01-23', '0000-00-00'),
(128, 62, '2025-03-03', '0000-00-00'),
(129, 18, '2025-03-17', '0000-00-00'),
(130, 27, '2024-11-13', '0000-00-00'),
(131, 87, '2024-11-13', '0000-00-00'),
(132, 22, '2025-03-09', '0000-00-00'),
(133, 81, '2024-11-16', '0000-00-00'),
(134, 22, '2025-01-18', '0000-00-00'),
(135, 5, '2025-03-02', '0000-00-00'),
(136, 76, '2025-02-09', '0000-00-00'),
(137, 91, '2025-01-21', '0000-00-00'),
(138, 88, '2025-01-06', '0000-00-00'),
(139, 77, '2025-01-15', '0000-00-00'),
(140, 16, '2024-11-03', '0000-00-00'),
(141, 105, '2025-01-29', '0000-00-00'),
(142, 84, '2025-04-18', '0000-00-00'),
(143, 44, '2025-02-03', '0000-00-00'),
(144, 75, '2025-02-28', '0000-00-00'),
(145, 9, '2024-11-04', '0000-00-00'),
(146, 93, '2024-11-25', '0000-00-00'),
(147, 90, '2024-12-17', '0000-00-00'),
(148, 73, '2025-03-18', '0000-00-00'),
(149, 74, '2024-12-24', '0000-00-00'),
(150, 93, '2024-12-19', '0000-00-00'),
(151, 90, '2024-10-29', '0000-00-00'),
(152, 3, '2025-01-16', '0000-00-00'),
(153, 45, '2025-03-20', '0000-00-00'),
(154, 105, '2025-01-31', '0000-00-00'),
(155, 108, '2024-12-27', '0000-00-00'),
(156, 12, '2024-10-28', '0000-00-00'),
(157, 63, '2024-11-10', '0000-00-00'),
(158, 44, '2025-04-02', '0000-00-00'),
(159, 81, '2025-04-05', '0000-00-00'),
(160, 64, '2025-04-16', '0000-00-00'),
(161, 107, '2025-02-27', '0000-00-00'),
(162, 65, '2025-01-15', '0000-00-00'),
(163, 89, '2024-12-06', '0000-00-00'),
(164, 85, '2025-04-02', '0000-00-00'),
(165, 64, '2024-11-27', '0000-00-00'),
(166, 42, '2024-11-23', '0000-00-00'),
(167, 36, '2025-03-11', '0000-00-00'),
(168, 26, '2025-01-06', '0000-00-00'),
(169, 24, '2025-02-24', '0000-00-00'),
(170, 25, '2025-03-12', '0000-00-00'),
(171, 79, '2024-12-07', '0000-00-00'),
(172, 15, '2024-11-06', '0000-00-00'),
(173, 49, '2025-03-13', '0000-00-00'),
(174, 54, '2024-11-24', '0000-00-00'),
(175, 90, '2025-03-13', '0000-00-00'),
(176, 76, '2024-11-24', '0000-00-00'),
(177, 8, '2025-01-24', '0000-00-00'),
(178, 21, '2025-02-24', '0000-00-00'),
(179, 24, '2024-10-31', '0000-00-00'),
(180, 83, '2025-03-10', '0000-00-00'),
(181, 48, '2024-12-31', '0000-00-00'),
(182, 16, '2024-11-08', '0000-00-00'),
(183, 32, '2025-01-31', '0000-00-00'),
(184, 105, '2024-12-15', '0000-00-00'),
(185, 2, '2025-03-23', '0000-00-00'),
(186, 64, '2024-11-05', '0000-00-00'),
(187, 77, '2024-11-20', '0000-00-00'),
(188, 62, '2024-11-27', '0000-00-00'),
(189, 39, '2024-12-31', '0000-00-00'),
(190, 105, '2024-12-05', '0000-00-00'),
(191, 31, '2025-04-19', '0000-00-00'),
(192, 34, '2024-12-24', '0000-00-00'),
(193, 82, '2025-03-11', '0000-00-00'),
(194, 36, '2025-02-23', '0000-00-00'),
(195, 37, '2025-03-12', '0000-00-00'),
(196, 100, '2024-12-06', '0000-00-00'),
(197, 72, '2024-12-24', '0000-00-00'),
(198, 33, '2024-11-29', '0000-00-00'),
(199, 78, '2025-01-08', '0000-00-00'),
(200, 56, '2025-02-12', '0000-00-00');

-- --------------------------------------------------------

--
-- Table structure for table `products`
--

CREATE TABLE `products` (
  `ProductID` int(11) NOT NULL,
  `ProductName` varchar(100) DEFAULT NULL,
  `SupplierID` int(11) DEFAULT NULL,
  `Category` varchar(50) DEFAULT NULL,
  `UnitPrice` decimal(10,2) DEFAULT NULL
) ENGINE=InnoDB DEFAULT CHARSET=utf8mb4 COLLATE=utf8mb4_general_ci;

--
-- Dumping data for table `products`
--

INSERT INTO `products` (`ProductID`, `ProductName`, `SupplierID`, `Category`, `UnitPrice`) VALUES
(0, 'Name', 0, 'SupplierID', 0.00),
(1, 'Rest', 0, '76', 1.90),
(2, 'Sound', 0, '19', 35.11),
(3, 'Increase', 0, '71', 8.96),
(4, 'Gas', 0, '60', 12.90),
(5, 'National', 0, '8', 7.65),
(6, 'Coach', 0, '55', 40.01),
(7, 'Cause', 0, '36', 32.49),
(8, 'Religious', 0, '20', 27.01),
(9, 'How', 0, '58', 17.09),
(10, 'Just', 0, '53', 5.59),
(11, 'Provide', 0, '13', 2.85),
(12, 'Program', 0, '44', 40.29),
(13, 'Expert', 0, '52', 16.26),
(14, 'Low', 0, '67', 38.69),
(15, 'Song', 0, '49', 3.06),
(16, 'Carry', 0, '45', 35.50),
(17, 'Mouth', 0, '33', 36.87),
(18, 'Special', 0, '86', 42.44),
(19, 'Best', 0, '73', 46.33),
(20, 'Reveal', 0, '48', 10.75),
(21, 'Ground', 0, '25', 18.63),
(22, 'Prove', 0, '67', 15.58),
(23, 'Suffer', 0, '30', 26.91),
(24, 'Next', 0, '76', 3.00),
(25, 'Town', 0, '12', 48.37),
(26, 'Product', 0, '20', 35.38),
(27, 'However', 0, '79', 19.31),
(28, 'Green', 0, '36', 46.06),
(29, 'Staff', 0, '12', 3.66),
(30, 'Campaign', 0, '13', 41.21),
(31, 'Animal', 0, '53', 35.12),
(32, 'Might', 0, '8', 27.27),
(33, 'Pattern', 0, '10', 35.16),
(34, 'May', 0, '32', 42.60),
(35, 'Size', 0, '27', 48.48),
(36, 'Rule', 0, '51', 24.36),
(37, 'Customer', 0, '71', 47.65),
(38, 'With', 0, '85', 22.16),
(39, 'His', 0, '5', 24.08),
(40, 'Seven', 0, '75', 4.79),
(41, 'First', 0, '89', 21.11),
(42, 'Response', 0, '90', 32.10),
(43, 'Do', 0, '18', 3.29),
(44, 'Technology', 0, '73', 39.49),
(45, 'Again', 0, '67', 23.59),
(46, 'Bring', 0, '14', 36.64),
(47, 'Red', 0, '31', 40.37),
(48, 'Office', 0, '50', 22.50),
(49, 'Recently', 0, '37', 14.98),
(50, 'Military', 0, '85', 46.65),
(51, 'Various', 0, '16', 40.04),
(52, 'Political', 0, '79', 30.85),
(53, 'My', 0, '47', 18.63),
(54, 'None', 0, '12', 13.65),
(55, 'Fund', 0, '34', 3.84),
(56, 'Range', 0, '40', 13.34),
(57, 'Somebody', 0, '81', 5.13),
(58, 'Health', 0, '6', 2.48),
(59, 'Few', 0, '50', 5.79),
(60, 'Nor', 0, '80', 31.48),
(61, 'Physical', 0, '40', 39.64),
(62, 'Or', 0, '7', 25.52),
(63, 'Position', 0, '73', 8.99),
(64, 'Professor', 0, '50', 30.49),
(65, 'Treat', 0, '36', 3.67),
(66, 'Single', 0, '75', 30.24),
(67, 'Yeah', 0, '5', 11.07),
(68, 'Thousand', 0, '87', 36.99),
(69, 'Million', 0, '58', 36.95),
(70, 'Ball', 0, '81', 38.75),
(71, 'Carry', 0, '27', 45.43),
(72, 'Understand', 0, '85', 7.76),
(73, 'Identify', 0, '21', 21.24),
(74, 'Ready', 0, '10', 17.24),
(75, 'Defense', 0, '17', 18.12),
(76, 'Deep', 0, '23', 19.82),
(77, 'Think', 0, '65', 9.38),
(78, 'Social', 0, '7', 37.32),
(79, 'Own', 0, '2', 14.21),
(80, 'Teach', 0, '9', 31.19),
(81, 'Over', 0, '54', 19.67),
(82, 'Contain', 0, '92', 10.55),
(83, 'Leg', 0, '55', 32.30),
(84, 'Talk', 0, '68', 44.95),
(85, 'Become', 0, '9', 5.04),
(86, 'Position', 0, '60', 45.81),
(87, 'Contain', 0, '17', 35.75),
(88, 'Question', 0, '73', 4.97),
(89, 'Sister', 0, '15', 11.83),
(90, 'Find', 0, '37', 7.61),
(91, 'Research', 0, '12', 21.88),
(92, 'Daughter', 0, '16', 37.80),
(93, 'Goal', 0, '21', 49.48),
(94, 'Recognize', 0, '1', 36.83),
(95, 'Party', 0, '48', 42.70),
(96, 'Board', 0, '3', 40.19),
(97, 'Move', 0, '80', 28.55),
(98, 'Near', 0, '83', 22.62),
(99, 'Director', 0, '44', 23.41),
(100, 'Western', 0, '44', 8.09),
(101, 'Ask', 0, '29', 48.70),
(102, 'Meeting', 0, '27', 18.40),
(103, 'Around', 0, '7', 41.80),
(104, 'Military', 0, '67', 15.99),
(105, 'Statement', 0, '42', 28.14),
(106, 'Himself', 0, '20', 42.72),
(107, 'Keep', 0, '77', 37.17),
(108, 'Pattern', 0, '54', 27.43),
(109, 'Light', 0, '87', 6.44),
(110, 'Particular', 0, '29', 33.16),
(111, 'System', 0, '48', 21.78),
(112, 'Trade', 0, '18', 10.03),
(113, 'Want', 0, '92', 8.52),
(114, 'Oil', 0, '37', 3.36),
(115, 'Middle', 0, '77', 18.80),
(116, 'Exactly', 0, '65', 40.42),
(117, 'Air', 0, '39', 35.61),
(118, 'Individual', 0, '57', 29.66),
(119, 'War', 0, '25', 49.89),
(120, 'Consider', 0, '52', 24.56),
(121, 'Good', 0, '13', 13.77),
(122, 'Share', 0, '29', 19.82),
(123, 'Economy', 0, '8', 8.45),
(124, 'Same', 0, '61', 14.63),
(125, 'Tell', 0, '5', 37.19),
(126, 'Wonder', 0, '92', 16.54),
(127, 'Ready', 0, '47', 13.32),
(128, 'Shake', 0, '7', 25.95),
(129, 'Live', 0, '28', 15.20),
(130, 'Talk', 0, '40', 25.71),
(131, 'Return', 0, '17', 35.71),
(132, 'Cut', 0, '40', 18.51),
(133, 'Possible', 0, '86', 6.23),
(134, 'Church', 0, '70', 1.64),
(135, 'Evidence', 0, '70', 43.35),
(136, 'Find', 0, '70', 34.64),
(137, 'Less', 0, '37', 26.89),
(138, 'Culture', 0, '74', 15.53),
(139, 'Government', 0, '29', 5.85),
(140, 'Win', 0, '90', 37.33),
(141, 'Test', 0, '20', 29.54),
(142, 'Still', 0, '90', 39.97),
(143, 'Pattern', 0, '34', 48.95),
(144, 'Ball', 0, '85', 25.73),
(145, 'Strategy', 0, '64', 20.09),
(146, 'Just', 0, '43', 11.85),
(147, 'Hot', 0, '6', 31.95),
(148, 'Phone', 0, '37', 23.93),
(149, 'Hope', 0, '79', 11.50),
(150, 'Relate', 0, '44', 18.94);

-- --------------------------------------------------------

--
-- Table structure for table `suppliers`
--

CREATE TABLE `suppliers` (
  `SupplierID` int(11) NOT NULL,
  `CompanyName` varchar(100) DEFAULT NULL,
  `ContactName` varchar(100) DEFAULT NULL,
  `Country` varchar(50) DEFAULT NULL
) ENGINE=InnoDB DEFAULT CHARSET=utf8mb4 COLLATE=utf8mb4_general_ci;

--
-- Dumping data for table `suppliers`
--

INSERT INTO `suppliers` (`SupplierID`, `CompanyName`, `ContactName`, `Country`) VALUES
(0, 'SupplierName', 'Country', 'Contact'),
(1, 'Ray Inc', 'Ireland', '398.193.4813x830'),
(2, 'Brooks PLC', 'Saint Helena', '+1-923-029-5518'),
(3, 'Turner PLC', 'Portugal', '581.054.7067x6641'),
(4, 'Ruiz-Olson', 'Suriname', '622-514-1592x362'),
(5, 'Parker, Decker and Wolf', 'Spain', '893.476.9835'),
(6, 'Robinson PLC', 'Kazakhstan', '+1-777-502-3254x321'),
(7, 'Miller-Yoder', 'Seychelles', '(885)775-0319x994'),
(8, 'Wood-Camacho', 'Bulgaria', '+1-089-352-0564x797'),
(9, 'Morgan-Hayes', 'Gabon', '233.092.0715x773'),
(10, 'Barnett, Cooper and Weiss', 'Afghanistan', '634-823-6469x670'),
(11, 'Deleon PLC', 'Switzerland', '563-597-1989x20238'),
(12, 'Harper, Martin and Hammond', 'Russian Federation', '+1-340-141-2149x26192'),
(13, 'Walker Group', 'Monaco', '2375920478'),
(14, 'Grant, Levy and Chan', 'Anguilla', '+1-789-963-8599'),
(15, 'Thompson, Coleman and Marshall', 'American Samoa', '149.214.4592'),
(16, 'Richards, Bates and Hill', 'Djibouti', '0898807012'),
(17, 'Smith Inc', 'Grenada', '(552)172-1204'),
(18, 'Banks Inc', 'Congo', '400-404-1656x1020'),
(19, 'Wright, Evans and Oconnor', 'Norfolk Island', '192-998-1259x43757'),
(20, 'Clark Inc', 'Algeria', '(920)690-8024x08202'),
(21, 'Weiss PLC', 'Lao People\'s Democratic Republic', '(941)136-4179x7809'),
(22, 'Wallace-Wilson', 'Bahamas', '186.086.4195x2089'),
(23, 'Yoder and Sons', 'Dominican Republic', '399-398-9098'),
(24, 'Rhodes PLC', 'New Caledonia', '001-005-833-1522x42455'),
(25, 'Oneal-Lopez', 'British Indian Ocean Territory (Chagos Archipelago)', '377-178-4025'),
(26, 'Pacheco, Ruiz and Alexander', 'Eritrea', '935.787.5451'),
(27, 'Gill-Mason', 'Nauru', '+1-255-895-9323x5276'),
(28, 'Nicholson, Ellis and Scott', 'Vanuatu', '(918)262-5668x99326'),
(29, 'George-Ortega', 'Turkey', '1484627816'),
(30, 'Mejia-Perry', 'Saudi Arabia', '140-193-5348x8701'),
(31, 'Walker and Sons', 'Eritrea', '(179)673-5357'),
(32, 'Horne LLC', 'Ukraine', '340-189-9907'),
(33, 'Alvarez-Fields', 'French Polynesia', '754.532.3779'),
(34, 'Herman-Holland', 'Yemen', '001-414-608-5338'),
(35, 'Rosales-Clark', 'Lesotho', '442-034-0311x7489'),
(36, 'Daniels-Lewis', 'Sierra Leone', '001-684-238-0660x809'),
(37, 'Oconnor, Walters and Weaver', 'Azerbaijan', '001-350-323-4339x528'),
(38, 'Diaz, Schroeder and Weber', 'Afghanistan', '+1-561-333-2625x10221'),
(39, 'Horne-Moyer', 'Poland', '+1-217-946-3212x70484'),
(40, 'Cox, Wagner and Valenzuela', 'Guatemala', '999.468.0582x665'),
(41, 'Munoz, Rodgers and Wolf', 'Bouvet Island (Bouvetoya)', '001-557-601-7302x10506'),
(42, 'Newton-Dunn', 'Ethiopia', '+1-724-140-7358x37986'),
(43, 'Gray, Daniel and Molina', 'Canada', '825-201-3590x5620'),
(44, 'Strong, Larson and Porter', 'Aruba', '212-552-7668'),
(45, 'Simmons, Smith and Alvarez', 'Mexico', '6727610891'),
(46, 'Lee, Carpenter and Palmer', 'Hungary', '057.377.6088'),
(47, 'Vaughn, Swanson and Hammond', 'Kuwait', '970-472-3523'),
(48, 'Moore, Lewis and Robinson', 'Rwanda', '(672)448-1611x6657'),
(49, 'Foster Ltd', 'Bosnia and Herzegovina', '391-217-1583'),
(50, 'Schultz-Porter', 'Niue', '104.112.9508x5765'),
(51, 'Walker Ltd', 'Colombia', '6338475955'),
(52, 'Davis Group', 'Haiti', '414.139.1067x847'),
(53, 'Rose, Wyatt and Peterson', 'Albania', '765-556-3398x81097'),
(54, 'White PLC', 'Falkland Islands (Malvinas)', '(063)534-3374'),
(55, 'Boyle, Miller and Skinner', 'Chad', '551.221.3207'),
(56, 'Holt, Castillo and Gordon', 'Italy', '1162603223'),
(57, 'Ross, Woods and Smith', 'Philippines', '246.970.2127x800'),
(58, 'Hall-Boone', 'British Indian Ocean Territory (Chagos Archipelago)', '(524)945-2439x29415'),
(59, 'Fuentes, Morgan and Perkins', 'Nicaragua', '594-543-7546'),
(60, 'Edwards-Jackson', 'Bahamas', '(894)413-8744x881'),
(61, 'Young, Boyd and Church', 'Thailand', '073.006.1260'),
(62, 'Roth-Valdez', 'Mexico', '001-465-527-3529x784'),
(63, 'Bowman Group', 'Holy See (Vatican City State)', '(408)419-4490x864'),
(64, 'Montes, Dunn and Quinn', 'Mauritius', '033.903.6239x389'),
(65, 'Alexander and Sons', 'Latvia', '+1-058-864-4615x282'),
(66, 'Garrison LLC', 'Turkey', '001-366-538-8503x60619'),
(67, 'Hamilton-Walter', 'Bangladesh', '001-520-272-3972'),
(68, 'Williams LLC', 'Syrian Arab Republic', '665.543.6864'),
(69, 'Hernandez, Knight and Ortega', 'Faroe Islands', '001-643-606-4432x668'),
(70, 'Stewart PLC', 'Benin', '+1-043-159-8578'),
(71, 'Solis-Rojas', 'United Arab Emirates', '001-876-026-7032x428'),
(72, 'Riggs-Morrison', 'Anguilla', '(055)577-1012x60638'),
(73, 'Rogers, Bryant and Taylor', 'Australia', '990.519.3988x457'),
(74, 'Moore, Carpenter and Williamson', 'Ireland', '001-195-423-7937'),
(75, 'Williams, Lynch and Hill', 'Antigua and Barbuda', '+1-301-722-8259x47613'),
(76, 'Kaufman LLC', 'Antigua and Barbuda', '001-570-774-2041x62263'),
(77, 'Ramirez Ltd', 'Haiti', '+1-522-001-7402x1603'),
(78, 'Murphy, Delgado and Phillips', 'Spain', '+1-612-352-0479x716'),
(79, 'Perez, Taylor and Ramos', 'Mongolia', '862-070-4153x61348'),
(80, 'Zimmerman, Mann and Fields', 'Seychelles', '001-371-396-7339'),
(81, 'Smith-Dillon', 'United Kingdom', '(791)493-7056x662'),
(82, 'Perry-Phelps', 'Myanmar', '9807587233'),
(83, 'Peterson Inc', 'Bouvet Island (Bouvetoya)', '7097236346'),
(84, 'Park-Williams', 'Netherlands Antilles', '001-593-362-0345x566'),
(85, 'Young, Sampson and Sawyer', 'Haiti', '001-005-025-9110x439'),
(86, 'Nguyen-Morris', 'Montserrat', '082-508-0301x7076'),
(87, 'Evans, Chavez and West', 'Madagascar', '+1-418-575-9364x322'),
(88, 'Whitehead and Sons', 'Singapore', '(938)669-2035x07829'),
(89, 'Barton, Shepard and Martinez', 'Slovenia', '(758)726-9127'),
(90, 'Hansen, Johnson and Cabrera', 'Kiribati', '001.047.3820x117'),
(91, 'Jacobs-Fleming', 'Bahamas', '+1-679-739-8688x4071'),
(92, 'Cooke, Smith and Smith', 'Micronesia', '(695)041-1786x74682');

--
-- Indexes for dumped tables
--

--
-- Indexes for table `customers`
--
ALTER TABLE `customers`
  ADD PRIMARY KEY (`CustomerID`);

--
-- Indexes for table `orderdetails`
--
ALTER TABLE `orderdetails`
  ADD PRIMARY KEY (`OrderID`,`ProductID`),
  ADD KEY `ProductID` (`ProductID`);

--
-- Indexes for table `orders`
--
ALTER TABLE `orders`
  ADD PRIMARY KEY (`OrderID`),
  ADD KEY `CustomerID` (`CustomerID`);

--
-- Indexes for table `products`
--
ALTER TABLE `products`
  ADD PRIMARY KEY (`ProductID`),
  ADD KEY `SupplierID` (`SupplierID`);

--
-- Indexes for table `suppliers`
--
ALTER TABLE `suppliers`
  ADD PRIMARY KEY (`SupplierID`);

--
-- Constraints for dumped tables
--

--
-- Constraints for table `orderdetails`
--
ALTER TABLE `orderdetails`
  ADD CONSTRAINT `orderdetails_ibfk_1` FOREIGN KEY (`OrderID`) REFERENCES `orders` (`OrderID`),
  ADD CONSTRAINT `orderdetails_ibfk_2` FOREIGN KEY (`ProductID`) REFERENCES `products` (`ProductID`);

--
-- Constraints for table `orders`
--
ALTER TABLE `orders`
  ADD CONSTRAINT `orders_ibfk_1` FOREIGN KEY (`CustomerID`) REFERENCES `customers` (`CustomerID`);

--
-- Constraints for table `products`
--
ALTER TABLE `products`
  ADD CONSTRAINT `products_ibfk_1` FOREIGN KEY (`SupplierID`) REFERENCES `suppliers` (`SupplierID`);
COMMIT;

/*!40101 SET CHARACTER_SET_CLIENT=@OLD_CHARACTER_SET_CLIENT */;
/*!40101 SET CHARACTER_SET_RESULTS=@OLD_CHARACTER_SET_RESULTS */;
/*!40101 SET COLLATION_CONNECTION=@OLD_COLLATION_CONNECTION */;
